Entity,Code,Year,Share of deaths that are registered
Afghanistan,AFG,2015,7.56
Afghanistan,AFG,2016,6.19
Afghanistan,AFG,2017,8.23
Afghanistan,AFG,2018,9.53
Albania,ALB,2015,100
Albania,ALB,2016,92.87
Albania,ALB,2017,92.71
Albania,ALB,2018,87.19
Albania,ALB,2019,84.12
Algeria,DZA,2018,91.06
Algeria,DZA,2019,91.94
American Samoa,ASM,2015,97.52
American Samoa,ASM,2016,84.85
American Samoa,ASM,2017,92.81
American Samoa,ASM,2018,88.17
American Samoa,ASM,2019,80.35
Andorra,AND,2015,57.2
Andorra,AND,2016,61.02
Andorra,AND,2017,61.76
Andorra,AND,2018,62.5
Andorra,AND,2019,54.73
Antigua and Barbuda,ATG,2015,95.52
Antigua and Barbuda,ATG,2016,96.31
Antigua and Barbuda,ATG,2017,98.79
Antigua and Barbuda,ATG,2018,98.64
Antigua and Barbuda,ATG,2019,100
Argentina,ARG,2015,100
Argentina,ARG,2016,100
Argentina,ARG,2017,99.91
Argentina,ARG,2018,98.97
Argentina,ARG,2019,98.59
Armenia,ARM,2015,99.84
Armenia,ARM,2016,100
Armenia,ARM,2017,99.05
Armenia,ARM,2018,94.14
Armenia,ARM,2019,97.53
Aruba,ABW,2015,81.81
Aruba,ABW,2016,89.36
Aruba,ABW,2017,79.71
Aruba,ABW,2018,78.88
Aruba,ABW,2019,71.35
Australia,AUS,2015,100
Australia,AUS,2016,100
Australia,AUS,2017,100
Australia,AUS,2018,98.44
Australia,AUS,2019,98.17
Austria,AUT,2015,100
Austria,AUT,2016,96.87
Austria,AUT,2017,97.82
Austria,AUT,2018,97.87
Austria,AUT,2019,97.4
Azerbaijan,AZE,2015,74.3
Azerbaijan,AZE,2016,76.27
Azerbaijan,AZE,2017,75.76
Azerbaijan,AZE,2018,77.1
Azerbaijan,AZE,2019,75.88
Bahamas,BHS,2015,90.78
Bahamas,BHS,2016,91.13
Bahamas,BHS,2017,94.52
Bahamas,BHS,2018,97
Bahamas,BHS,2019,91.98
Bahrain,BHR,2015,85.67
Bahrain,BHR,2016,84.36
Bahrain,BHR,2017,80.99
Bahrain,BHR,2018,80.93
Bahrain,BHR,2019,75.91
Bangladesh,BGD,2015,9.72
Bangladesh,BGD,2016,14.47
Bangladesh,BGD,2017,20.23
Bangladesh,BGD,2018,23.83
Barbados,BRB,2015,93.32
Barbados,BRB,2016,92.42
Barbados,BRB,2017,92.58
Barbados,BRB,2018,87.07
Barbados,BRB,2019,96.4
Belarus,BLR,2015,98
Belarus,BLR,2016,97.22
Belarus,BLR,2017,96.97
Belarus,BLR,2018,97.43
Belarus,BLR,2019,97.46
Belgium,BEL,2015,100
Belgium,BEL,2016,98.84
Belgium,BEL,2017,98.42
Belgium,BEL,2018,98.3
Belgium,BEL,2019,96.69
Belize,BLZ,2015,100
Belize,BLZ,2016,100
Belize,BLZ,2017,100
Belize,BLZ,2018,100
Belize,BLZ,2019,100
Benin,BEN,2018,0.98
Benin,BEN,2019,2.55
Bermuda,BMU,2015,93.18
Bermuda,BMU,2016,92.31
Bermuda,BMU,2017,95.06
Bermuda,BMU,2018,93.67
Bermuda,BMU,2019,92.24
Bhutan,BTN,2019,69.68
Bolivia,BOL,2015,66.14
Bolivia,BOL,2016,67.05
Bolivia,BOL,2017,64.45
Bolivia,BOL,2018,65.06
Bolivia,BOL,2019,64.79
Bosnia and Herzegovina,BIH,2015,98.95
Bosnia and Herzegovina,BIH,2016,96.53
Bosnia and Herzegovina,BIH,2017,95.32
Bosnia and Herzegovina,BIH,2018,94.17
Bosnia and Herzegovina,BIH,2019,95.53
Botswana,BWA,2015,68.25
Botswana,BWA,2016,68.48
Botswana,BWA,2017,66.28
Botswana,BWA,2018,64.69
Botswana,BWA,2019,66.76
Brazil,BRA,2015,97.06
Brazil,BRA,2016,97.57
Brazil,BRA,2017,97.75
Brazil,BRA,2018,96.33
Brazil,BRA,2019,96.99
British Virgin Islands,VGB,2015,82.32
British Virgin Islands,VGB,2016,69.82
British Virgin Islands,VGB,2017,82.61
Brunei,BRN,2015,87.25
Brunei,BRN,2016,88.17
Brunei,BRN,2017,87.92
Brunei,BRN,2018,80.32
Brunei,BRN,2019,84.55
Bulgaria,BGR,2015,97.02
Bulgaria,BGR,2016,93.73
Bulgaria,BGR,2017,94.26
Bulgaria,BGR,2018,93.17
Bulgaria,BGR,2019,93.7
Burkina Faso,BFA,2015,12.3
Burkina Faso,BFA,2016,11.85
Burkina Faso,BFA,2017,14.6
Burkina Faso,BFA,2018,14.09
Cambodia,KHM,2015,32.61
Cambodia,KHM,2016,36.98
Cambodia,KHM,2017,27.64
Cambodia,KHM,2018,35.46
Canada,CAN,2015,100
Canada,CAN,2016,100
Canada,CAN,2017,100
Canada,CAN,2018,100
Canada,CAN,2019,100
Cape Verde,CPV,2015,96.88
Cape Verde,CPV,2016,91.49
Cape Verde,CPV,2017,88.77
Cape Verde,CPV,2018,90.52
Cape Verde,CPV,2019,89.04
Cayman Islands,CYM,2015,46.07
Cayman Islands,CYM,2016,49.73
Cayman Islands,CYM,2017,57.33
Cayman Islands,CYM,2018,58.59
Cayman Islands,CYM,2019,63.26
Central African Republic,CAF,2015,3.23
Central African Republic,CAF,2016,1.48
Central African Republic,CAF,2017,2.72
Chile,CHL,2016,97.78
Chile,CHL,2017,97.74
Chile,CHL,2018,95.49
Chile,CHL,2019,95.71
China,CHN,2018,76.57
Colombia,COL,2015,97.01
Colombia,COL,2016,94.44
Colombia,COL,2017,93.84
Colombia,COL,2018,95.61
Colombia,COL,2019,95.67
Costa Rica,CRI,2015,94.58
Costa Rica,CRI,2016,97.16
Costa Rica,CRI,2017,96.6
Costa Rica,CRI,2018,96.79
Costa Rica,CRI,2019,95.78
Cote d'Ivoire,CIV,2015,22.44
Cote d'Ivoire,CIV,2016,22.14
Cote d'Ivoire,CIV,2017,21.79
Cote d'Ivoire,CIV,2018,22.79
Cote d'Ivoire,CIV,2019,25.5
Croatia,HRV,2015,100
Croatia,HRV,2016,98.56
Croatia,HRV,2017,99.39
Croatia,HRV,2018,98.92
Croatia,HRV,2019,97.65
Cuba,CUB,2015,99.01
Cuba,CUB,2016,97.34
Cuba,CUB,2017,99.75
Cuba,CUB,2018,97.51
Cuba,CUB,2019,99.64
Curacao,CUW,2015,94.46
Curacao,CUW,2016,96.23
Curacao,CUW,2017,90.39
Curacao,CUW,2018,86.09
Curacao,CUW,2019,80.59
Cyprus,CYP,2015,81.76
Cyprus,CYP,2016,72.82
Cyprus,CYP,2017,79.85
Cyprus,CYP,2018,75.2
Cyprus,CYP,2019,78.49
Czechia,CZE,2015,100
Czechia,CZE,2016,98.43
Czechia,CZE,2017,99.2
Czechia,CZE,2018,99.14
Czechia,CZE,2019,99.15
Democratic Republic of Congo,COD,2015,15.19
Democratic Republic of Congo,COD,2016,11.18
Denmark,DNK,2015,100
Denmark,DNK,2016,99.65
Denmark,DNK,2017,99.45
Denmark,DNK,2018,100
Denmark,DNK,2019,98.86
Djibouti,DJI,2015,17.14
Djibouti,DJI,2016,16.01
Djibouti,DJI,2017,21.03
Djibouti,DJI,2018,19.12
Djibouti,DJI,2019,17.7
Dominica,DMA,2015,86.91
Dominica,DMA,2016,85.6
Dominica,DMA,2017,75.53
Dominica,DMA,2018,87.01
Dominica,DMA,2019,90.99
Dominican Republic,DOM,2015,62.59
Dominican Republic,DOM,2016,64.73
Dominican Republic,DOM,2017,62.95
Dominican Republic,DOM,2018,61.56
Dominican Republic,DOM,2019,64.24
East Timor,TLS,2015,66.48
Ecuador,ECU,2015,83.45
Ecuador,ECU,2016,82.53
Ecuador,ECU,2017,83.42
Ecuador,ECU,2018,84.45
Ecuador,ECU,2019,85.53
Egypt,EGY,2015,100
Egypt,EGY,2016,99.51
Egypt,EGY,2017,98.84
Egypt,EGY,2018,99.12
Egypt,EGY,2019,99.15
El Salvador,SLV,2015,100
El Salvador,SLV,2016,100
El Salvador,SLV,2017,100
El Salvador,SLV,2018,100
El Salvador,SLV,2019,100
Equatorial Guinea,GNQ,2018,4.44
Equatorial Guinea,GNQ,2019,2.97
Estonia,EST,2015,100
Estonia,EST,2016,98.91
Estonia,EST,2017,99.35
Estonia,EST,2018,99.57
Estonia,EST,2019,98.81
Eswatini,SWZ,2016,43.23
Eswatini,SWZ,2017,42.53
Eswatini,SWZ,2018,43.73
Eswatini,SWZ,2019,48.35
Faroe Islands,FRO,2015,76.88
Faroe Islands,FRO,2016,77.98
Faroe Islands,FRO,2017,72.26
Faroe Islands,FRO,2018,63.86
Faroe Islands,FRO,2019,66.08
Fiji,FJI,2015,100
Fiji,FJI,2016,100
Fiji,FJI,2017,97.91
Fiji,FJI,2018,100
Fiji,FJI,2019,100
Finland,FIN,2015,100
Finland,FIN,2016,99.83
Finland,FIN,2017,99.3
Finland,FIN,2018,99.29
Finland,FIN,2019,97.64
France,FRA,2015,100
France,FRA,2016,100
France,FRA,2017,100
France,FRA,2018,100
France,FRA,2019,99.45
French Guiana,GUF,2015,86.84
French Guiana,GUF,2016,88.62
French Guiana,GUF,2017,88.95
French Guiana,GUF,2018,81.33
French Guiana,GUF,2019,91.06
French Polynesia,PYF,2015,100
French Polynesia,PYF,2016,100
French Polynesia,PYF,2017,100
French Polynesia,PYF,2018,100
French Polynesia,PYF,2019,100
Gabon,GAB,2015,42.49
Gabon,GAB,2016,44.91
Gabon,GAB,2017,40.29
Gambia,GMB,2016,32.26
Gambia,GMB,2017,29.49
Gambia,GMB,2018,32.74
Gambia,GMB,2019,31.92
Georgia,GEO,2015,96.87
Georgia,GEO,2016,98.58
Georgia,GEO,2017,94.43
Georgia,GEO,2018,92.02
Georgia,GEO,2019,92.47
Germany,DEU,2015,100
Germany,DEU,2016,98.46
Germany,DEU,2017,99
Germany,DEU,2018,100
Germany,DEU,2019,100
Gibraltar,GIB,2015,86.07
Gibraltar,GIB,2016,100
Gibraltar,GIB,2017,100
Gibraltar,GIB,2018,100
Gibraltar,GIB,2019,98.89
Greece,GRC,2015,100
Greece,GRC,2016,100
Greece,GRC,2017,100
Greece,GRC,2018,97.96
Greece,GRC,2019,99.58
Greenland,GRL,2015,100
Greenland,GRL,2016,100
Greenland,GRL,2017,100
Greenland,GRL,2018,100
Greenland,GRL,2019,100
Grenada,GRD,2015,98.97
Grenada,GRD,2016,97.82
Grenada,GRD,2017,95.47
Grenada,GRD,2018,100
Grenada,GRD,2019,100
Guadeloupe,GLP,2015,98.96
Guadeloupe,GLP,2016,100
Guadeloupe,GLP,2017,100
Guadeloupe,GLP,2018,100
Guadeloupe,GLP,2019,100
Guam,GUM,2015,100
Guam,GUM,2016,99.13
Guam,GUM,2017,95.82
Guam,GUM,2018,98.69
Guatemala,GTM,2015,95.74
Guatemala,GTM,2016,94.21
Guatemala,GTM,2017,92.5
Guatemala,GTM,2018,90.2
Guatemala,GTM,2019,93.24
Guinea,GIN,2015,0.68
Guinea,GIN,2016,1.49
Guinea,GIN,2017,1.53
Guinea,GIN,2018,2.13
Guyana,GUY,2015,77.35
Guyana,GUY,2016,79.1
Guyana,GUY,2017,85.53
Guyana,GUY,2018,73.49
Guyana,GUY,2019,83.25
Honduras,HND,2015,60.26
Honduras,HND,2016,56.42
Honduras,HND,2017,51.85
Honduras,HND,2018,60.29
Honduras,HND,2019,58.73
Hong Kong,HKG,2015,95.35
Hong Kong,HKG,2016,95.49
Hong Kong,HKG,2017,95.42
Hong Kong,HKG,2018,96.38
Hong Kong,HKG,2019,95.98
Hungary,HUN,2015,100
Hungary,HUN,2016,100
Hungary,HUN,2017,100
Hungary,HUN,2018,100
Hungary,HUN,2019,100
Iceland,ISL,2015,100
Iceland,ISL,2016,100
Iceland,ISL,2017,100
Iceland,ISL,2018,100
Iceland,ISL,2019,98.86
India,IND,2015,70.57
India,IND,2016,71.42
India,IND,2017,72.03
India,IND,2018,75.87
India,IND,2019,82.33
Indonesia,IDN,2015,29.11
Indonesia,IDN,2016,35.9
Indonesia,IDN,2017,40.15
Indonesia,IDN,2018,40.68
Indonesia,IDN,2019,43.85
Iran,IRN,2015,98.83
Iran,IRN,2016,96.74
Iran,IRN,2017,95.62
Iran,IRN,2018,96.94
Iran,IRN,2019,98.1
Iraq,IRQ,2016,73.43
Iraq,IRQ,2017,77.44
Iraq,IRQ,2018,83.47
Iraq,IRQ,2019,81.32
Ireland,IRL,2015,100
Ireland,IRL,2016,100
Ireland,IRL,2017,100
Ireland,IRL,2018,100
Ireland,IRL,2019,98.44
Israel,ISR,2015,100
Israel,ISR,2016,100
Israel,ISR,2017,100
Israel,ISR,2018,99.07
Israel,ISR,2019,99.27
Italy,ITA,2015,100
Italy,ITA,2016,100
Italy,ITA,2017,100
Italy,ITA,2018,100
Italy,ITA,2019,100
Jamaica,JAM,2015,100
Jamaica,JAM,2016,100
Jamaica,JAM,2017,100
Jamaica,JAM,2018,100
Jamaica,JAM,2019,100
Japan,JPN,2015,97.13
Japan,JPN,2016,96.92
Japan,JPN,2017,97.3
Japan,JPN,2018,96.81
Japan,JPN,2019,97.48
Jordan,JOR,2015,100
Jordan,JOR,2017,91.3
Jordan,JOR,2018,87.34
Jordan,JOR,2019,91.96
Kazakhstan,KAZ,2015,93.72
Kazakhstan,KAZ,2016,94.31
Kazakhstan,KAZ,2017,93.69
Kazakhstan,KAZ,2018,93.45
Kazakhstan,KAZ,2019,95.38
Kenya,KEN,2015,64.29
Kenya,KEN,2016,61.01
Kenya,KEN,2017,61.05
Kenya,KEN,2018,60.8
Kenya,KEN,2019,59.89
Kosovo,OWID_KOS,2015,95.95
Kosovo,OWID_KOS,2016,96.72
Kosovo,OWID_KOS,2017,94.79
Kosovo,OWID_KOS,2018,94.65
Kosovo,OWID_KOS,2019,99.57
Kuwait,KWT,2015,92.47
Kuwait,KWT,2016,83.94
Kuwait,KWT,2017,83.54
Kuwait,KWT,2018,78.76
Kuwait,KWT,2019,78.31
Kyrgyzstan,KGZ,2015,98.04
Kyrgyzstan,KGZ,2016,97.81
Kyrgyzstan,KGZ,2017,97.25
Kyrgyzstan,KGZ,2018,97.58
Kyrgyzstan,KGZ,2019,100
Laos,LAO,2015,30.65
Laos,LAO,2016,37.92
Laos,LAO,2017,34.71
Laos,LAO,2018,42.57
Latvia,LVA,2015,100
Latvia,LVA,2016,98.58
Latvia,LVA,2017,98.65
Latvia,LVA,2018,98.71
Latvia,LVA,2019,95.7
Lebanon,LBN,2015,80.81
Lebanon,LBN,2016,77
Lebanon,LBN,2017,79.11
Lebanon,LBN,2018,74.83
Lebanon,LBN,2019,73.21
Lesotho,LSO,2015,50.51
Lesotho,LSO,2016,40.31
Lesotho,LSO,2017,41.36
Lesotho,LSO,2018,41.23
Lesotho,LSO,2019,41.64
Liberia,LBR,2015,15.87
Liberia,LBR,2016,11.2
Libya,LBY,2016,49.71
Libya,LBY,2017,53.78
Liechtenstein,LIE,2015,100
Liechtenstein,LIE,2016,100
Liechtenstein,LIE,2017,100
Liechtenstein,LIE,2018,100
Liechtenstein,LIE,2019,100
Lithuania,LTU,2015,100
Lithuania,LTU,2016,97.57
Lithuania,LTU,2017,97.97
Lithuania,LTU,2018,96.97
Lithuania,LTU,2019,94.26
Luxembourg,LUX,2015,100
Luxembourg,LUX,2016,100
Luxembourg,LUX,2017,100
Luxembourg,LUX,2018,100
Luxembourg,LUX,2019,100
Macao,MAC,2015,84.9
Macao,MAC,2016,93.01
Macao,MAC,2017,86.46
Macao,MAC,2018,82.89
Macao,MAC,2019,86.93
Malaysia,MYS,2015,100
Malaysia,MYS,2016,100
Malaysia,MYS,2017,100
Malaysia,MYS,2018,100
Malaysia,MYS,2019,97.84
Maldives,MDV,2015,90.4
Maldives,MDV,2016,94.16
Maldives,MDV,2017,91.72
Maldives,MDV,2018,87.61
Maldives,MDV,2019,73.26
Malta,MLT,2015,100
Malta,MLT,2016,96.64
Malta,MLT,2017,100
Malta,MLT,2018,100
Malta,MLT,2019,98.45
Martinique,MTQ,2015,100
Martinique,MTQ,2016,100
Martinique,MTQ,2017,100
Martinique,MTQ,2018,100
Martinique,MTQ,2019,100
Mauritania,MRT,2016,9.78
Mauritania,MRT,2017,11.11
Mauritania,MRT,2018,11.93
Mauritania,MRT,2019,13.65
Mauritius,MUS,2015,99.19
Mauritius,MUS,2016,100
Mauritius,MUS,2017,96.66
Mauritius,MUS,2018,100
Mauritius,MUS,2019,100
Mayotte,MYT,2015,100
Mayotte,MYT,2016,100
Mayotte,MYT,2017,100
Mayotte,MYT,2018,100
Mayotte,MYT,2019,100
Mexico,MEX,2015,99
Mexico,MEX,2016,96.69
Mexico,MEX,2017,95.3
Mexico,MEX,2018,95.14
Mexico,MEX,2019,94.67
Micronesia,,2018,60.68
Micronesia,,2019,62.49
Moldova,MDA,2015,87.27
Moldova,MDA,2016,94.82
Moldova,MDA,2017,100
Moldova,MDA,2018,100
Moldova,MDA,2019,100
Monaco,MCO,2015,94.42
Monaco,MCO,2016,77.15
Monaco,MCO,2017,75.08
Monaco,MCO,2018,82.46
Monaco,MCO,2019,83.28
Mongolia,MNG,2015,80.61
Mongolia,MNG,2016,77.51
Mongolia,MNG,2017,74.1
Mongolia,MNG,2018,80.55
Mongolia,MNG,2019,78.23
Montenegro,MNE,2015,94.7
Montenegro,MNE,2016,92.9
Montenegro,MNE,2017,92.98
Montenegro,MNE,2018,93.12
Montenegro,MNE,2019,94.55
Morocco,MAR,2015,23.7
Morocco,MAR,2016,21.77
Mozambique,MOZ,2019,9.6
Myanmar,MMR,2015,54.02
Myanmar,MMR,2016,50.79
Myanmar,MMR,2017,54.06
Myanmar,MMR,2018,63.02
Myanmar,MMR,2019,67.03
Namibia,NAM,2015,95.23
Namibia,NAM,2016,93.52
Namibia,NAM,2017,95.14
Namibia,NAM,2018,98.39
Namibia,NAM,2019,100
Nauru,NRU,2015,100
Nauru,NRU,2016,100
Nauru,NRU,2017,100
Nauru,NRU,2018,100
Nepal,NPL,2015,49.63
Nepal,NPL,2016,64.56
Nepal,NPL,2017,35.48
Nepal,NPL,2018,50.17
Nepal,NPL,2019,90.1
Netherlands,NLD,2015,100
Netherlands,NLD,2016,99.71
Netherlands,NLD,2017,99.48
Netherlands,NLD,2018,100
Netherlands,NLD,2019,98.34
New Caledonia,NCL,2015,99.19
New Caledonia,NCL,2016,100
New Caledonia,NCL,2017,100
New Caledonia,NCL,2018,100
New Caledonia,NCL,2019,100
New Zealand,NZL,2015,100
New Zealand,NZL,2016,99.72
New Zealand,NZL,2017,100
New Zealand,NZL,2018,100
New Zealand,NZL,2019,100
Nicaragua,NIC,2015,82.83
Nicaragua,NIC,2016,80.95
Nicaragua,NIC,2017,81.85
Nicaragua,NIC,2018,80.3
Nicaragua,NIC,2019,82.41
Niger,NER,2015,4.76
Niger,NER,2016,1.67
Niger,NER,2017,1.83
Niger,NER,2018,3.46
Niger,NER,2019,10.1
Nigeria,NGA,2015,1.29
Nigeria,NGA,2016,1.14
Nigeria,NGA,2017,0.77
Nigeria,NGA,2018,0.68
Nigeria,NGA,2019,0.52
North Macedonia,MKD,2015,91.44
North Macedonia,MKD,2016,90.1
North Macedonia,MKD,2017,89.18
North Macedonia,MKD,2018,87.21
North Macedonia,MKD,2019,89.1
Northern Mariana Islands,MNP,2015,82.35
Northern Mariana Islands,MNP,2016,75.89
Northern Mariana Islands,MNP,2017,80.07
Northern Mariana Islands,MNP,2018,73.09
Norway,NOR,2015,100
Norway,NOR,2016,99.33
Norway,NOR,2017,99.58
Norway,NOR,2018,99.2
Norway,NOR,2019,98.77
Oman,OMN,2015,60.56
Oman,OMN,2016,69.18
Oman,OMN,2017,67.81
Oman,OMN,2018,69.59
Oman,OMN,2019,66.11
Pakistan,PAK,2018,49.28
Palau,PLW,2015,65.38
Palau,PLW,2016,82.55
Palau,PLW,2017,84.72
Palau,PLW,2018,65.6
Palau,PLW,2019,86.88
Palestine,PSE,2018,75.85
Palestine,PSE,2019,77.59
Panama,PAN,2015,97.71
Panama,PAN,2016,99.06
Panama,PAN,2017,99.5
Panama,PAN,2018,98.6
Panama,PAN,2019,98.92
Paraguay,PRY,2015,93.54
Paraguay,PRY,2016,97.72
Paraguay,PRY,2017,89.28
Paraguay,PRY,2018,93.84
Paraguay,PRY,2019,96.25
Peru,PER,2017,94.37
Peru,PER,2018,93.96
Peru,PER,2019,96.02
Philippines,PHL,2015,92.42
Philippines,PHL,2016,93.63
Philippines,PHL,2017,90.87
Philippines,PHL,2018,90.96
Philippines,PHL,2019,93.45
Poland,POL,2015,100
Poland,POL,2016,99.48
Poland,POL,2017,100
Poland,POL,2018,100
Poland,POL,2019,100
Portugal,PRT,2015,100
Portugal,PRT,2016,99.25
Portugal,PRT,2017,98.33
Portugal,PRT,2018,99.09
Portugal,PRT,2019,98.38
Puerto Rico,PRI,2015,93.49
Puerto Rico,PRI,2016,96.71
Puerto Rico,PRI,2017,94.33
Puerto Rico,PRI,2018,88.92
Puerto Rico,PRI,2019,85.79
Qatar,QAT,2015,69.89
Qatar,QAT,2016,68.27
Qatar,QAT,2017,64.19
Qatar,QAT,2018,63.82
Qatar,QAT,2019,56.25
Reunion,REU,2015,98.05
Reunion,REU,2016,97.86
Reunion,REU,2017,95.52
Reunion,REU,2018,98.88
Reunion,REU,2019,99.1
Romania,ROU,2015,100
Romania,ROU,2016,99.66
Romania,ROU,2017,100
Romania,ROU,2018,100
Romania,ROU,2019,100
Russia,RUS,2015,100
Russia,RUS,2016,100
Russia,RUS,2017,100
Russia,RUS,2018,100
Russia,RUS,2019,100
Rwanda,RWA,2019,33.72
Saint Kitts and Nevis,KNA,2016,89.33
Saint Kitts and Nevis,KNA,2017,82.46
Saint Kitts and Nevis,KNA,2018,85.59
Saint Kitts and Nevis,KNA,2019,75.15
Saint Lucia,LCA,2015,89.92
Saint Lucia,LCA,2016,96.76
Saint Lucia,LCA,2017,86.67
Saint Lucia,LCA,2018,87.27
Saint Lucia,LCA,2019,98.96
Saint Vincent and the Grenadines,VCT,2015,95.88
Saint Vincent and the Grenadines,VCT,2016,100
Saint Vincent and the Grenadines,VCT,2017,96.93
Saint Vincent and the Grenadines,VCT,2018,100
Saint Vincent and the Grenadines,VCT,2019,100
Samoa,WSM,2015,94.37
Samoa,WSM,2016,100
Samoa,WSM,2017,85.76
Samoa,WSM,2018,90.86
Samoa,WSM,2019,100
San Marino,SMR,2015,79.39
San Marino,SMR,2016,83.77
San Marino,SMR,2017,89.68
San Marino,SMR,2018,77.71
San Marino,SMR,2019,79.18
Sao Tome and Principe,STP,2015,100
Sao Tome and Principe,STP,2016,100
Sao Tome and Principe,STP,2017,100
Saudi Arabia,SAU,2016,67.28
Saudi Arabia,SAU,2017,65.63
Saudi Arabia,SAU,2018,62.68
Serbia,SRB,2015,99.28
Serbia,SRB,2016,98.65
Serbia,SRB,2017,98.58
Serbia,SRB,2018,97.5
Serbia,SRB,2019,97.42
Seychelles,SYC,2015,99.01
Seychelles,SYC,2016,100
Seychelles,SYC,2017,100
Seychelles,SYC,2018,100
Seychelles,SYC,2019,100
Singapore,SGP,2015,89.84
Singapore,SGP,2016,88.05
Singapore,SGP,2017,88.47
Singapore,SGP,2018,86.87
Singapore,SGP,2019,83.88
Slovakia,SVK,2015,100
Slovakia,SVK,2016,99.95
Slovakia,SVK,2017,100
Slovakia,SVK,2018,100
Slovakia,SVK,2019,100
Slovenia,SVN,2015,100
Slovenia,SVN,2016,99.82
Slovenia,SVN,2017,100
Slovenia,SVN,2018,99.08
Slovenia,SVN,2019,99.62
Solomon Islands,SLB,2016,10.34
Solomon Islands,SLB,2017,21.39
Solomon Islands,SLB,2018,33.91
South Africa,ZAF,2015,100
South Africa,ZAF,2016,99.07
South Africa,ZAF,2017,99.18
South Africa,ZAF,2018,100
South Africa,ZAF,2019,100
South Korea,KOR,2015,100
South Korea,KOR,2016,99.38
South Korea,KOR,2017,98.58
South Korea,KOR,2018,98.8
South Korea,KOR,2019,95.65
Spain,ESP,2015,100
Spain,ESP,2016,99.11
Spain,ESP,2017,99.36
Spain,ESP,2018,99.93
Spain,ESP,2019,97.87
Sri Lanka,LKA,2015,96.54
Sri Lanka,LKA,2016,94.78
Sri Lanka,LKA,2017,99.09
Sri Lanka,LKA,2018,98.02
Sri Lanka,LKA,2019,100
Suriname,SUR,2015,93.32
Suriname,SUR,2016,90.07
Suriname,SUR,2017,86.51
Suriname,SUR,2018,89.34
Suriname,SUR,2019,90.59
Sweden,SWE,2015,100
Sweden,SWE,2016,99.12
Sweden,SWE,2017,99.23
Sweden,SWE,2018,99.02
Sweden,SWE,2019,96.69
Switzerland,CHE,2015,100
Switzerland,CHE,2016,98.6
Switzerland,CHE,2017,98.88
Switzerland,CHE,2018,98.03
Switzerland,CHE,2019,98
Syria,SYR,2015,32.47
Syria,SYR,2016,33.12
Syria,SYR,2018,59.27
Syria,SYR,2019,65.54
Taiwan,TWN,2015,100
Taiwan,TWN,2016,100
Taiwan,TWN,2017,99.55
Taiwan,TWN,2018,99.7
Taiwan,TWN,2019,99.2
Tajikistan,TJK,2015,70.13
Tajikistan,TJK,2016,69.87
Tajikistan,TJK,2017,65.34
Tajikistan,TJK,2018,67.74
Tajikistan,TJK,2019,69.9
Thailand,THA,2015,100
Thailand,THA,2016,100
Thailand,THA,2017,98.21
Thailand,THA,2018,96.61
Thailand,THA,2019,100
Togo,TGO,2015,11.57
Togo,TGO,2016,11.84
Togo,TGO,2017,12.03
Togo,TGO,2018,13.87
Togo,TGO,2019,15.13
Tonga,TON,2015,100
Tonga,TON,2016,100
Tonga,TON,2017,100
Tonga,TON,2018,100
Trinidad and Tobago,TTO,2015,100
Trinidad and Tobago,TTO,2016,100
Trinidad and Tobago,TTO,2017,100
Trinidad and Tobago,TTO,2018,100
Trinidad and Tobago,TTO,2019,100
Tunisia,TUN,2015,100
Tunisia,TUN,2016,100
Tunisia,TUN,2017,100
Tunisia,TUN,2018,100
Tunisia,TUN,2019,100
Turkey,TUR,2015,98.69
Turkey,TUR,2016,99.83
Turkey,TUR,2017,99.59
Turkey,TUR,2018,98.99
Turkey,TUR,2019,99.9
Turkmenistan,TKM,2015,91.36
Uganda,UGA,2019,0.91
Ukraine,UKR,2015,92.07
Ukraine,UKR,2016,92.8
Ukraine,UKR,2017,93.25
Ukraine,UKR,2018,93.17
Ukraine,UKR,2019,92.75
United Arab Emirates,ARE,2018,44.26
United Arab Emirates,ARE,2019,42.48
United Kingdom,GBR,2015,100
United Kingdom,GBR,2016,99.36
United Kingdom,GBR,2017,100
United Kingdom,GBR,2018,99.94
United Kingdom,GBR,2019,98.9
United States,USA,2015,100
United States,USA,2016,99.65
United States,USA,2017,100
United States,USA,2018,99.74
United States,USA,2019,98.66
United States Virgin Islands,VIR,2015,53.25
United States Virgin Islands,VIR,2016,51.13
United States Virgin Islands,VIR,2017,55.93
Uruguay,URY,2015,100
Uruguay,URY,2016,100
Uruguay,URY,2017,99.76
Uruguay,URY,2018,100
Uruguay,URY,2019,100
Uzbekistan,UZB,2015,80.68
Uzbekistan,UZB,2016,81.77
Uzbekistan,UZB,2017,84.62
Uzbekistan,UZB,2018,81.05
Uzbekistan,UZB,2019,80.74
Vanuatu,VUT,2015,14.04
Vanuatu,VUT,2016,10.63
Vanuatu,VUT,2017,7.79
Vanuatu,VUT,2018,10.01
Venezuela,VEN,2015,97.17
Venezuela,VEN,2016,100
Venezuela,VEN,2017,100
Venezuela,VEN,2018,95.56
Venezuela,VEN,2019,70.57
Vietnam,VNM,2018,86.57
Vietnam,VNM,2019,83.32
Yemen,YEM,2016,15.53
Yemen,YEM,2017,18.55
Yemen,YEM,2018,21.84
Yemen,YEM,2019,43.48
Zambia,ZMB,2016,33.97
Zambia,ZMB,2017,32.32
Zambia,ZMB,2018,23.87
Zambia,ZMB,2019,26.34
Zimbabwe,ZWE,2015,32.95